Content_id,title,Release_year,genre
1,Godzilla and Mothra: The Battle for Earth,1993,Action|Sci-Fi
2,My Best Girl,1998,Comedy|Romance
3,Adventures of a Dentist,1995,Comedy
4,"Wall, The (Die Wand)",2003,Drama|Fantasy
5,"Pompatus of Love, The",1962,Comedy|Drama
6,Bloody Murder 2: Closing Camp,1970,Drama|Horror|Mystery|Thriller
7,Cobra Verde,1991,Adventure|Drama
8,Oh Boy (A Coffee in Berlin),1989,Comedy|Drama
9,Angel,2003,Action|Crime|Thriller
10,"Substitute, The (Vikaren)",2004,Comedy|Sci-Fi|Thriller
11,Q & A,2011,Crime|Drama
12,Dead in Tombstone,1984,Action|Fantasy|Horror
13,"Student of Prague, The (a.k.a. Bargain with Satan, A) (Student von Prag, Der)",2004,Drama|Horror
14,Teen Beach Movie,2010,Children|Musical
15,"Ron Clark Story, The",2012,Drama
16,"Cucaracha, La",2006,Thriller
17,Madonna: Truth or Dare,2010,Documentary|Musical
18,Awesome; I Fuckin Shot That!,2004,Documentary|Musical
19,Donovan's Brain,2005,Sci-Fi
20,Tea with Mussolini,1994,Comedy|Drama|War
21,Daleks' Invasion Earth: 2150 A.D.,2001,Adventure|Sci-Fi
22,Young Detective Dee: Rise of the Sea Dragon (Di Renjie: Shen du long wang),1993,Action|Adventure|Drama|Fantasy|Mystery|IMAX
23,Stargate,2004,Action|Adventure|Sci-Fi
24,Tell No One (Ne le dis à personne),1992,Crime|Drama|Mystery|Thriller
25,Victim,1977,Horror|Thriller
26,"Captive, The",2011,Crime|Drama|Thriller
27,"Fast Food, Fast Women",1992,Comedy|Romance
28,Michael Clayton,1989,Drama|Thriller
29,As You Like It,1986,Comedy
30,Revenge of the Zombies,1985,Horror
31,Travels with My Aunt,1988,Adventure|Comedy|Drama
32,To Each His Own Cinema ,2006,Comedy|Drama
33,Charlie Chan at the Race Track,1984,Comedy|Crime|Mystery|Thriller
34,Missionary Man,2002,Action|Drama|Thriller|Western
35,Black Sunday (La maschera del demonio),1992,Horror
36,"Princess Ka'iulani",1992,Drama|Romance
37,Mikey and Nicky,1992,Drama
38,Ballou,2006,Documentary|Musical
39,Intruders,2008,Horror|Thriller
40,Let It Snow,1999,Comedy|Romance
41,The Color of Milk,2002,Comedy|Drama
42,New York in the 50's,1986,Documentary
43,No Man's Land,2006,Drama|War
44,X,2002,Thriller
45,Fantomas,1993,Adventure|Comedy|Crime|Fantasy
46,"Chair, The",2005,Drama|Horror|Thriller
47,Amen,1996,Drama|Musical
48,"Page of Madness, A (Kurutta ippêji)",1999,Drama|Horror
49,Demons 2 (Dèmoni 2... l'incubo ritorna),1995,Horror
50,"Message to Garcia, A",2006,Drama|Romance
51,"Story Written with Water, A (Mizu de kakareta monogatari)",2009,Drama
52,Boundin',1996,Animation|Children
53,44500 Max,2005,Documentary
54,"Wedding Night, The",2007,Drama|Romance
55,Reap the Wild Wind,1991,Action|Adventure|Drama
56,Wild Reeds (Les roseaux sauvages),2000,Drama
57,Skin Deep,1995,Comedy
58,Sex and Death 101,1966,Comedy|Drama
59,Compliance,2012,Drama|Thriller
60,Cat Soup (Nekojiru-so),2011,Adventure|Animation|Drama|Horror
61,"Young Girls of Rochefort, The (Demoiselles de Rochefort, Les)",2011,Comedy|Musical|Romance
62,Bells of Capistrano,1994,Western
63,"Young Master, The (Shi di chu ma)",1991,Action|Comedy
64,First Monday in October,2009,Comedy|Drama
65,Making Mr. Right,2010,Comedy|Romance|Sci-Fi
66,Goodbye to Language 3D,2010,Drama
67,Empire Falls,2003,Drama|Romance
68,Johnny in the Clouds,2010,Drama|Romance|War
69,Fatty and Mabel Adrift,1987,Comedy
70,Rugrats Go Wild!,2005,Adventure|Animation|Children|Comedy
71,"Omega Code, The",2001,Action
72,Dark Water,2011,Drama|Horror|Thriller
73,Friends with Kids,2012,Comedy
74,The Cobbler,2002,Comedy|Drama|Fantasy
75,"Yes, Madam (a.k.a. Police Assassins) (a.k.a. In the Line of Duty 2) (Huang gu shi jie)",2012,Action
76,New York Doll,1985,Documentary
77,"Collector, The (La collectionneuse)",2007,Drama
78,"Art of Dying, The (El Arte de Morir)",1975,Horror|Mystery|Thriller
79,Blue Car,1992,Drama
80,Natural Selection,2011,Comedy|Drama
81,Viva,2008,Comedy|Drama|Musical
82,Adoration,1994,Drama
83,"Idle Class, The",1998,Comedy
84,"Duchess of Langeais, The (a.k.a. Don't Touch the Axe) (Ne touchez pas la hache)",2010,Drama|Romance
85,Enemy Mine,2008,Adventure|Drama|Sci-Fi
86,And the Ship Sails On (E la nave va),1992,Comedy|War
87,Black Sheep,2012,Comedy|Horror
88,Saw V,1985,Crime|Horror|Thriller
89,"Perfect Murder, A",1992,Thriller
90,Finding Joy,1984,Comedy
91,Trio,1997,Drama|Romance
92,Judgment Night,1997,Action|Crime|Thriller
93,Wonder Bar,2010,Comedy|Crime|Drama|Musical|Romance
94,Bride & Prejudice,2012,Comedy|Musical|Romance
95,"SpongeBob SquarePants Movie, The",2008,Adventure|Animation|Children|Comedy
96,Just Like a Woman,2007,Drama
97,Sweet Nothing,2004,Drama
98,The True Story of Puss n Boots,1995,Adventure|Animation|Children
99,"Age of Innocence, The",2008,Drama|Romance
100,"Fifth Cord",2013,Mystery|Thriller
101,Love Torn in Dream ,2010,Drama|Fantasy
102,Tomcats,2009,Comedy
103,"Hangin with the Homeboys",2012,Comedy|Drama
104,"Grocer's Son, The (Fils de l'épicier, Le)",2005,Drama|Romance
105,Crips and Bloods: Made in America,2002,Documentary
106,Whose Life Is It Anyway?,1992,Drama
107,Tart,2008,Crime|Drama|Romance
108,Torpedo Bombers (Torpedonostsy),2000,Drama|War
109,Carbon Copy,1967,Comedy
110,The Land Before Time XII: The Great Day of the Flyers,2012,Animation|Children|Sci-Fi
111,"End of the Affair, The",2009,Drama
112,Men of Honor,2008,Drama
113,Toys in the Attic,2002,Drama
114,Last Resort (National Lampoon's Last Resort),1995,Comedy
115,Executive Target,1993,Action|Adventure|Crime|Thriller
116,Antonia's Line (Antonia),2010,Comedy|Drama
117,Holy Motors,1996,Drama|Fantasy|Musical|Mystery|Sci-Fi
118,Masculin Féminin,1998,Drama
119,"The Earth Trembles",2007,Drama
120,The Seven Males,2009,Comedy|Western
121,Why Not? (Eijanaika),2002,Drama
122,Free Birds,1995,Action|Adventure|Animation|Children|Comedy|Sci-Fi
123,Kinjite: Forbidden Subjects,1995,Crime|Thriller
124,Clockwise,2000,Comedy
125,Black or White,2012,Drama
126,First Kid,1999,Children|Comedy
127,Stephen Fry In America - New World,2010,(no genres listed)
128,Pianomania,2011,Documentary
129,Lazybones,1998,Action|Comedy|Drama|Romance|War
130,Soo (Art of Revenge),2010,Action|Crime|Drama|Thriller
131,Life of a King,2009,Drama
132,Kotch,1994,Comedy|Drama
133,Kukuli,1966,Drama
134,Vlad Tepes (Vlad &#354;epe&#351;),2008,Drama
135,And While We Were Here,1981,Drama
136,Daylight,2011,Horror|Thriller
137,"Lizard, The (Marmoulak)",2010,Adventure|Comedy|Crime
138,"Blue and the Gray, The",1989,Drama|War
139,Babylon 5: The Lost Tales - Voices in the Dark,1996,Sci-Fi
140,Faces in the Crowd,2009,Crime|Drama|Mystery
141,The Improv: 50 Years Behind the Brick Wall,2007,Comedy|Documentary
142,Until the End of the World (Bis ans Ende der Welt),2002,Adventure|Drama|Sci-Fi
143,Any Wednesday (Bachelor Girl Apartment),2007,Comedy
144,"Merrill's Marauders",2007,Adventure|Drama|War
145,"Rebirth of Mothra II",1998,Action|Fantasy
146,Ruby Sparks,2011,Comedy|Fantasy|Romance
147,"See You Tomorrow, Everyone",1994,Drama
148,"Answer Man, The (a.k.a. Arlen Faber)",1992,Comedy|Romance
149,Dolphin Tale 2,2004,Children|Drama
150,Last Train from Gun Hill,2002,Drama|Western
151,"Lord, Save Us from Your Followers",2003,Documentary
152,Storyville,2012,Drama|Thriller
153,Mondo Trasho,2011,Comedy
154,Zoolander,1957,Comedy
155,Evangelion: 1.0 You Are (Not) Alone (Evangerion shin gekijôban: Jo),2010,Action|Animation|Sci-Fi
156,Solo ,1968,Mystery|Thriller
157,"Broken Circle Breakdown, The",2001,Drama
158,Fire and Ice,2004,Adventure|Fantasy
159,"Thorn in the Heart, The",2000,Documentary
160,We Still Kill the Old Way,2008,Crime
161,Forgotten,1996,Drama|Mystery|Thriller
162,"Straight Story, The",2004,Adventure|Drama
163,"Mama's Boy",2001,Comedy|Drama
164,"Il fiore dai petali d'acciaio",2007,Thriller
165,Kinyarwanda,2008,Drama|Romance
166,Música Campesina (Country Music),2010,Comedy|Drama
167,Scary Movie 5 (Scary MoVie),2007,Comedy
168,Volunteers,2003,Comedy
169,Rapture (Arrebato),2005,Drama|Horror
170,Olive Kitteridge,2010,Drama
171,Modigliani,2005,Drama
172,Cold Comes the Night,2005,Crime|Drama|Thriller
173,Electric Dragon 80.000 V,1994,Drama|Fantasy|Sci-Fi
174,"47 Samurai (Chûshingura) (Loyal 47 Ronin, The)",1999,Drama
175,Glee: The 3D Concert Movie,2009,Documentary|Musical
176,Manuel on the Island of Wonders,2007,Drama
177,Moloch (Molokh),1992,Drama
178,Sometimes They Come Back,2002,Drama|Fantasy|Horror|Thriller
179,A Blank on the Map,2007,Documentary
180,"Man Who Couldn't Say No, The (Mies joka ei osannut sanoa EI)",2003,Comedy|Drama|Romance
181,"Where's Poppa?",2011,Comedy
182,Figures in a Landscape,2005,Thriller
183,Attack!,2002,Drama|War
184,Summer Things (Embrassez qui vous voudrez),1995,Comedy|Drama|Romance
185,Paris Trout,2000,Drama
186,Loves of a Blonde (Lásky jedné plavovlásky),1996,Comedy|Drama|Romance
187,"Marcello Mastroianni: I Remember Yes, I Remember",1992,Documentary
188,Rosenstrasse,2006,Drama|War
189,Exit,2003,Drama
190,Operation Dumbo Drop,2011,Action|Adventure|Comedy|War
191,P.S. I Love You,1998,Comedy|Drama|Romance
192,"Steel Helmet, The",2012,Action|Drama|War
193,Faust,2004,Animation|Comedy|Thriller
194,Violent Saturday,1995,Crime|Drama
195,Saturday Night,2008,Documentary
196,"Wildcat, The (Die Bergkatze)",2003,Comedy|Drama|Romance
197,Loose Change: Second Edition,1996,Documentary|Mystery
198,Asterix & Obelix: God Save Britannia (Astérix et Obélix: Au service de Sa Majesté),1997,Adventure|Comedy
199,From the Life of the Marionettes (Aus dem Leben der Marionetten) ,1992,Drama
200,Giliap,2004,Crime|Drama
201,"Young in Heart, The",2005,Comedy|Drama
202,Coney Island,2006,Comedy
203,"I Hate Mondays, (Nie lubie poniedzialku)",2012,Comedy
204,Civil Brand,1985,Drama
205,Revenge of the Pink Panther,1998,Comedy|Crime
206,By the People: The Election of Barack Obama,1987,Documentary
207,Werner - Gekotzt wird später,2011,Animation|Comedy
208,Suicide Kings,1983,Comedy|Crime|Drama|Mystery|Thriller
209,Helicopter String Quartet,1969,Documentary
210,"Glass Shield, The",1998,Crime|Drama
211,Knocked Up,2008,Comedy|Drama|Romance
212,"Robinson Crusoe (Adventures of Robinson Crusoe, The)",1999,Adventure|Drama
213,EuroTrip,2011,Adventure|Comedy
214,Foo Fighters: Back and Forth,2006,Documentary|Musical
215,Leaves from Satan's Book (Blade af Satans bog),1983,Drama
216,Carla's Song,2003,Drama|Romance|War
217,Brain Dead,1999,Horror|Sci-Fi
218,Margot at the Wedding,1988,Drama
219,Missing in Action,1993,Action|War
220,"Boy Called Hate, A",2003,Drama
221,Galileo,1991,Drama
222,"Candidate, The",1993,Drama
223,Standby,2004,Comedy|Romance
224,Bekas,1993,Drama
225,"Calcium Kid, The",2011,Comedy
226,"Court Jester, The",2008,Adventure|Comedy|Musical
227,The Legend of Awesomest Maximus,2002,Action|Comedy
228,"Tenant, The (Locataire, Le)",1992,Drama|Horror|Mystery|Thriller
229,Captain Video: Master of the Stratosphere,2004,Adventure|Sci-Fi
230,Churchill: The Hollywood Years,2002,Comedy|War
231,Welcome to the Roses (Bienvenue chez les Rozes),2000,Comedy
232,"Comebacks, The",2008,Comedy
233,Bay of Angels (La baie des anges),2009,Drama|Romance
234,Tycoon,2000,Adventure|Drama|Romance
235,"Garden, The",1996,Drama
236,Forever Hardcore: The Documentary,2004,Documentary
237,Another Nine & a Half Weeks (Love in Paris),1965,Drama|Romance
238,"Lady Eve, The",1994,Comedy|Romance
239,"Twilight's Last Gleaming",2003,Thriller
240,"Machine, The",1986,Comedy|Horror|Sci-Fi|Thriller
241,Children On Their Birthdays,2012,Drama
242,"Moon Warriors, The (Zhan shen chuan shuo)",2011,Action|Adventure
243,Project Moon Base,1998,Sci-Fi
244,Corridors of Blood,1993,Crime|Drama|Horror|Thriller
245,Final Destination 3,1996,Horror|Mystery|Thriller
246,Baadasssss! ,2008,Drama
247,Big Buck Bunny,2005,Animation|Comedy
248,Ong-Bak: The Thai Warrior (Ong Bak),2005,Action|Thriller
249,"Big Momma's House 2",2005,Action|Comedy|Crime
250,Hamlet 2,1984,Comedy
251,Mutantes,1992,Documentary
252,For the Moment,2002,Romance|War
253,Home Room,1996,Drama
254,Nine Lives,1996,Horror|Thriller
255,Aftermath,2011,Horror
256,"I'm with Lucy",2010,Comedy|Romance
257,Trick,1995,Comedy|Romance
258,"Story of Yonosuke, A (Yokomichi Yonosuke)",1984,Comedy|Drama
259,Shadows,1993,Drama
260,Karen Cries on the Bus,1998,Drama
261,"Delta Force, The",2003,Action
262,Maybe Baby,2012,Comedy|Romance
263,"Miller's Crossing",1989,Crime|Drama|Film-Noir|Thriller
264,Little Monsters,1996,Comedy
265,"Child's Play 3",2008,Comedy|Horror|Thriller
266,"Harley Davidson and the Marlboro Man",1992,Action|Crime|Drama
267,Holiday (Jour de fête),2006,Comedy
268,Titanic,1991,Drama|Romance
269,"A Rumor of Angels",2008,Drama
270,"Le Havre",1998,Comedy|Drama
271,Mysterious Skin,2008,Drama|Mystery
272,"Beach Boys: An American Family, The",1995,Documentary|Drama
273,"Black Sabbath (Tre volti della paura, I)",2006,Horror
274,River of No Return,1993,Adventure|Western
275,Fahrenhype 9/11,2007,Documentary
276,"Ring, The",2007,Drama
277,My Stars (Mes stars et moi),2004,Comedy
278,Portrait in Black,2006,Crime|Drama|Thriller
279,Fight for Your Right Revisited,2006,Comedy
280,Marvel One-Shot: Item 47,2007,Action|Fantasy|Sci-Fi
281,Godzilla vs. Megaguirus (Gojira tai Megagirasu: Jî shômetsu sakusen),2008,Action|Sci-Fi
282,No Country for Old Men,2007,Crime|Drama
283,Hackers,1996,Action|Adventure|Crime|Thriller
284,Kaleidoscope,2007,Comedy|Crime
285,Rabid Dogs (Kidnapped) (Cani arrabbiati),2006,Drama|Thriller
286,In the Hands of the Gods,2007,Documentary
287,"Man's Favorite Sport?",2012,Comedy
288,"33 Postcards",1989,Drama
289,Step Up Love Story (Futari ecchi),2000,Animation|Comedy|Romance
290,Our Summer in Provence,2010,Comedy|Drama
291,Song of the Bloodred Flower (Laulu tulipunaisesta kukasta),1985,Drama
292,Universal Soldier: Day of Reckoning,1969,Action|Sci-Fi|Thriller
293,Frogs for Snakes,2004,Comedy|Film-Noir|Thriller
294,"Back-up Plan, The",2001,Comedy|Romance
295,"The Autobiography of Nicolae Ceausescu",2011,Documentary
296,Full of It,1997,Comedy|Drama
297,"Khroustaliov, My Car! (Khrustalyov, mashinu!)",2010,Comedy|Drama
298,Dead Genesis,2001,Horror
299,Fubar,2010,Comedy
300,Confidential Agent,2001,Drama|Thriller
301,Toy Story 3,1996,Adventure|Animation|Children|Comedy|Fantasy|IMAX
302,Rancho Deluxe,1994,Comedy|Western
303,Abbott and Costello Meet the Keystone Kops,2003,Comedy
304,Arthur,2011,Comedy|Romance
305,"Christmas Carol",1995,Animation|Children|Drama|Fantasy|IMAX
306,Flesh and Bone,2007,Drama|Mystery|Romance
307,Bliss (Mutluluk),2007,Drama
308,"Say It Isn't So",1995,Comedy|Romance
309,Clandestine Childhood,2005,Drama
310,Dog Days (Hundstage),2003,Drama
311,Aladdin,1997,Adventure|Fantasy
312,"Premature Burial, The",2004,Horror
313,The Confessions of Bernhard Goetz,1994,Crime|Documentary
314,Terms and Conditions May Apply,1992,Documentary
315,The Losers,1986,Comedy|Drama
316,"Big Green, The",2000,Children|Comedy
317,"Pleasure Party (Partie de plaisir, Une) (Piece of Pleasure, A)",1992,Drama
318,Pretty Cool,2010,Action|Comedy|Thriller
319,Monty Python and the Holy Grail,1989,Adventure|Comedy|Fantasy
320,"Prodigal Son, The (Tuhlaajapoika)",2004,Thriller
321,The Fountain,2004,Comedy
322,Dirty Money (Un flic),2006,Crime|Drama
323,I Stand Alone (Seul contre tous),2004,Drama|Thriller
324,Lonelyhearts,1997,Drama|Film-Noir
325,Spy Kids: All the Time in the World in 4D,2005,Action|Adventure|Children|Comedy|Sci-Fi
326,Of Horses and Men,1989,Comedy|Drama|Romance
327,"Delicate Balance, A",1996,Drama
328,Chouchou,1998,Comedy
329,Dragon Ball: The Path to Power ,2013,Action|Adventure|Animation|Children
330,Mulan,1984,Action|Adventure|Drama|Romance
331,"Blue Max, The",1995,Adventure|Drama|War
332,The Smiling Ghost,2008,Comedy|Mystery
333,David Copperfield,2010,Drama
334,"Dr. Mabuse: The Gambler (Dr. Mabuse, der Spieler)",2010,Crime|Mystery|Thriller
335,Morphia (Morfiy),2009,Drama
336,"Prodigal, The",2003,Drama
337,Bless the Beasts & Children,1993,Drama
338,Get Carter,2006,Action|Crime|Drama|Thriller
339,Woman Obsessed,2010,Drama|Romance
340,"Over-Eater, The (L'outremangeur)",1993,Crime|Drama
341,Live and Let Die,2005,Action|Adventure|Thriller
342,Cadence,2003,Drama
343,Baby Boy,2009,Crime|Drama
344,Väreitä,1994,Drama
345,Happy Go Lovely,1995,Musical
346,Pretty Things,2008,Drama
347,Consuming Kids: The Commercialization of Childhood,1983,Documentary
348,Visitor to a Museum (Posetitel muzeya),1990,Sci-Fi
349,"Reeds, The",2012,Action|Horror|Thriller
350,"Birds, The",2010,Horror|Thriller
351,Nice Guy Johnny,2001,Comedy|Romance
352,Hamlet Goes Business (Hamlet liikemaailmassa),2005,Comedy|Drama|Romance
353,Fata Morgana,1999,Documentary|Drama|Sci-Fi
354,Boy Meets Girl,2005,Comedy
355,"Real McCoy, The",1993,Drama
356,Out to Sea,1993,Comedy
357,Cain and Mabel,2003,Comedy|Musical|Romance
358,Live from Baghdad,1986,Drama|War
359,Take Care of My Cat (Goyangileul butaghae),2000,Drama
360,Hav Plenty,1996,Comedy
361,Spasmo,2007,Mystery|Thriller
362,Punk in London,1990,Documentary|Musical
363,"Battle of China, The (Why We Fight, 6)",2000,Documentary|War
364,"Face of Another, The (Tanin no kao)",2004,Drama|Sci-Fi
365,"Snowtown (Snowtown Murders, The)",2007,Crime|Drama|Thriller
366,Kiss the Bride,2009,Comedy|Romance
367,"House of Yes, The",1970,Comedy|Drama
368,"Codes of Gender, The",2002,Documentary
369,Be with Me,2007,Drama|Romance
370,Green Lantern,2003,Action|Adventure|Sci-Fi
371,Corn Island (Simindis kundzuli),2000,Drama
372,Shark Tale,2005,Animation|Children|Comedy
373,"Galapagos Affair: Satan Came to Eden, The",2010,Crime|Documentary|Mystery
374,The Phantom Light,1994,Mystery|Thriller
375,"Goofy Movie, A",2007,Animation|Children|Comedy|Romance
376,"Cuenca Crime, The (Crimen de Cuenca, El)",1969,Drama
377,"Sandglass, The (Sanatorium pod klepsydra)",2008,Mystery
378,Stopped on Track,1997,Drama
379,Foon,2012,Comedy
380,Jesus Is a Palestinian (Jezus is een Palestijn),2004,Comedy
381,And Then There Was You,2011,Drama
382,Eight Miles High (Das wilde Leben),2002,Drama
383,Let Fury Have the Hour,2011,Documentary
384,Eva,2009,Drama|Fantasy|Sci-Fi
385,Toe to Toe,2004,Drama
386,Children of the Corn,1996,Horror|Thriller
387,Luna Papa,1990,Comedy|Drama|Fantasy
388,Deep Crimson (Profundo carmesí),1998,Crime|Drama
389,Such Hawks Such Hounds,2005,Documentary
390,Alone (Issiz adam),1982,Drama|Romance
391,Conspiracy Theory,2004,Drama|Mystery|Romance|Thriller
392,Leviathan,1992,Drama
393,"Librarian: Quest for the Spear, The",1999,Action|Adventure|Comedy|Fantasy|Romance
394,Snow White: A Tale of Terror,2009,Fantasy|Horror
395,Class,2001,Comedy
396,"Perfect Plan, A (Plan parfait, Un)",2010,Adventure|Comedy|Romance
397,Dark Habits (Entre tinieblas),1985,Comedy|Drama
398,Shadows and Fog,1993,Comedy|Drama|Mystery|Thriller
399,"Morgan Stewart's Coming Home",2004,Comedy
400,"Yes, Madam ",1966,Action
401,"Brony Tale, A",2008,Documentary
402,Flaming Star,2009,Western
403,Outskirts (Okraina),2007,Drama|War
404,Circus,1990,Crime|Drama|Thriller
405,Geronimo,2001,Action|Western
406,Family Meeting,2007,Documentary|Musical
407,Medea,2006,Drama
408,"Shakespeare's Globe: Henry V",1999,Drama
409,"Day Without a Mexican, A",2011,Comedy|Drama|Fantasy|Mystery
410,Simon Birch,1993,Drama
411,B.U.S.T.E.D (Everybody Loves Sunshine) (Busted),2010,Crime|Drama
412,People I Know,2003,Crime|Drama
413,Jack-O,1997,Horror
414,Acacia,1990,Horror
415,One Shot,1986,Documentary
416,Stalag 17,2002,Drama|War
417,"Falls, The",2008,Drama|Sci-Fi
418,Bleak Night,1998,Drama
419,Don Quixote,2002,Adventure|Comedy|Drama
420,"Code, The",1995,Documentary
421,Someone Marry Barry,2007,Comedy
422,Peacock,2003,Thriller
423,Kambakkht Ishq (Incredible Love),2009,Action|Comedy|Musical
424,"Stanley Kubrick's Boxes",2008,Documentary
425,"Life and Adventures of Santa Claus, The",2006,Animation|Children
426,Arrowsmith,2010,Drama
427,"Minion, The",1993,Action|Fantasy|Horror
428,About Last Night,1992,Comedy|Romance
429,May Fools (Milou en mai),1989,Comedy|Romance
430,Untraceable,1993,Crime|Thriller
431,Cooking Up Dreams (De ollas y sueños),2006,Documentary
432,Circumstance,1992,Drama
433,"Wrong Box, The",2000,Comedy
434,Vitus,1995,Drama
435,The Garden of Sinners - Chapter 5: Paradox Paradigm,1985,Animation
436,The Princess Comes Across,2008,Comedy|Mystery|Romance|Thriller
437,Manufacturing Consent: Noam Chomsky and the Media,2000,Documentary|War
438,Picnic,2000,Drama
439,Getting It Right,2009,Comedy|Drama
440,Diving In,1994,Comedy|Drama
441,Beauty in Trouble (Kráska v nesnázích),2002,Drama
442,Eye See You (D-Tox),2005,Horror|Thriller
443,Genius Within: The Inner Life of Glenn Gould,2004,Documentary
444,"Interpreter, The",2009,Drama|Thriller
445,My Name Is Joe,1993,Drama|Romance
446,"American Haunting, An",1995,Drama|Horror|Mystery|Thriller
447,Concrete Night (Betoniyö),2001,Drama
448,Blind Fury,1989,Action|Thriller
449,"Incredibles, The",2007,Action|Adventure|Animation|Children|Comedy
450,"Best of Ernie and Bert, The",2009,Children
451,Alfie,1994,Comedy|Drama|Romance
452,Moonlight Mile,2001,Drama|Romance
453,Diamonds,1994,Mystery
454,Kabul Express,1999,Action|Comedy|Drama|Thriller
455,Shadowzone,1998,Horror|Sci-Fi
456,Son of God,1994,Drama
457,2010: Moby Dick,2006,Action|Adventure|Thriller
458,Carman: The Champion,2000,Action|Drama
459,Burke and Hare,2011,Comedy|Thriller
460,"Skin Game, The",2002,Drama
461,Surf's Up,2012,Animation|Children|Comedy
462,Jason's Lyric,2005,Crime|Drama
463,"Good Mother, The",1972,Drama
464,12 Days of Terror,1992,Drama|Horror|Thriller
465,G Men,2000,Crime|Drama
466,Mademoiselle Chambon,2005,Drama|Romance
467,Brake,1990,Crime|Thriller
468,"Finder's Fee",1996,Drama|Thriller
469,"Quiet Duel, The (Shizukanaru ketto)",1991,Drama
470,Path to War,2009,Drama
471,Gregory Go Boom,1996,Comedy
472,Dead End,1993,Crime|Drama
473,Cutie Honey,1990,Action
474,"King and the Clown, The (Wang-ui namja)",1996,Drama|Thriller
475,To Be Twenty,2005,Comedy|Drama|Horror
476,Guernica,2001,(no genres listed)
477,360,2001,Drama
478,Raincoat,2002,Drama|Romance
479,i hate myself :),2010,Comedy|Documentary|Drama
480,Wonderful World,2008,Drama|Romance
481,Dil Se,2005,Drama|Musical|Romance
482,Seven Sinners,2002,Comedy|Drama|Romance
483,After.Life,2011,Drama|Horror|Thriller
484,Living with Wolves,2012,Documentary
485,Meet Joe Black,1988,Romance
486,Heidi Fleiss: Hollywood Madam,1989,Documentary
487,Los Marziano,1996,Comedy|Drama
488,Tenure,2003,Comedy
489,"Lacemaker, The (Dentellière, La)",2004,Drama|Romance
490,Kevin & Perry Go Large,1993,Comedy
491,Serious Moonlight,2003,Comedy|Crime|Drama|Romance
492,Frozen Hell (Jäämarssi) ,1997,Documentary|War
493,Unleashed (Danny the Dog),2000,Action|Crime|Drama|Thriller
494,Teenage Mutant Ninja Turtles III,2004,Action|Adventure|Children|Comedy|Fantasy
495,"Godson, The",1989,Comedy|Crime
496,Yi Yi,2002,Drama
497,Baghban,1999,Drama|Romance
498,"Unbelievable Truth, The",1986,Comedy|Drama
499,We Are Marshall,1971,Drama
500,Forest Warrior,1999,Action|Adventure|Comedy|Western
501,Fort Apache,2004,Western
502,Wild Orchid,2006,Drama|Romance
503,Dogma,2010,Adventure|Comedy|Fantasy
504,"Nugget, The",1998,Comedy
505,"Indian Tomb, The (Das indische Grabmal)",1992,Adventure
506,Ben X,2003,Drama
507,Valentino: The Last Emperor,2009,Documentary
508,Klip (Clip),1998,Drama|Romance
509,"Seeker: The Dark Is Rising, The",2012,Action|Adventure|Drama|Fantasy
510,"I'm Not Rappaport",1985,Comedy
511,Man of Iron (Czlowiek z Zelaza),1988,Drama|Romance
512,"Man Without a Past, The (Mies vailla menneisyyttä)",2004,Comedy|Crime|Drama
513,Eye of the Needle,2004,Thriller
514,"National Lampoon's Pucked",1991,Comedy
515,Pumping Iron,1996,Documentary
516,"Ballad of the Sad Cafe, The",2004,Drama
517,Sands of Iwo Jima,1998,Action|Drama|Romance|War
518,Cannibal Women in the Avocado Jungle of Death,1997,Action|Comedy
519,"Lords of Discipline, The",1989,Thriller
520,"Year of Living Dangerously, The",2007,Drama|Romance|War
521,Bastards,2000,Documentary
522,Plankton,1989,Horror
523,Girl with a Pearl Earring,2003,Drama|Romance
524,Simon Sez,1988,Action|Comedy
525,"Deep End of the Ocean, The",2010,Drama
526,False as Water (Falsk som vatten),2004,Drama|Mystery|Thriller
527,Johnny Cash at Folsom Prison,2003,Documentary
528,The Biggest Bundle of Them All,2012,Comedy|Crime
529,"James Dean Story, The",2012,Documentary
530,Bad Lieutenant,2004,Crime|Drama
531,Arabesque,2008,Adventure|Drama|Romance|Thriller
532,Rumor Has It...,2008,Comedy|Drama|Romance
533,Desirée,2008,Drama|Romance
534,Young Mr. Lincoln,2003,Drama
535,Cactus Flower,1999,Comedy
536,Wild in the Country,2006,Drama
537,"Mating Game, The",2006,Comedy|Romance
538,Take Me Out to the Ball Game,1990,Comedy|Musical|Romance
539,Candles on Bay Street ,2000,Drama
540,"Happenstance (Battement d'ailes du papillon, Le)",2009,Comedy|Drama
541,Twentynine Palms,2001,Drama|Horror
542,Johnny Belinda,1993,Drama
543,Consuming Spirits,1991,Animation|Comedy|Drama|Mystery
544,"Center Stage (Ruan Lingyu) (Actress, The) (New China Woman, The)",1992,Drama|Romance
545,13 Assassins (Jûsan-nin no shikaku),2003,Action
546,Ashes and Diamonds (Popiól i diament),2004,Drama|War
547,"Cool, Calm and Collected (Calmos)",1991,Comedy
548,Attack!,2003,Drama|War
549,"Principal, The",1996,Action|Crime|Drama
550,Boats,2004,Comedy
551,"Big City, The (Mahanagar)",2009,Drama
552,Detroit Rock City,2004,Comedy
553,Men Without Women,2012,Action|Drama
554,No and Me (No et moi),2008,Drama
555,DysFunktional Family,1987,Comedy|Documentary
556,After the Wedding (Efter brylluppet),2011,Drama
557,"Codes of Gender, The",1998,Documentary
558,"Vince Vaughn's Wild West Comedy Show:Hollywood to the Heartland",1992,Comedy|Documentary
559,"Do You Like Hitchcock? ",1995,Horror|Mystery|Thriller
560,Night Train,1997,Action|Mystery|Thriller
561,"Killing Room, The",2009,Drama|Mystery|Thriller
562,"Cat in Paris, A (Une vie de chat)",1993,Animation|Crime|Mystery
563,"Andy Hardy's Double Life",2006,Comedy|Romance
564,"Palm Beach Story, The",2005,Comedy
565,"Ministry of Fear",2007,Drama|Film-Noir|Thriller
566,"Sea Is Watching, The (Umi wa miteita)",1967,Romance
567,Mr. Saturday Night,1995,Comedy|Drama
568,Elephant White,1989,Action|Crime|Thriller
569,Along Came Polly,2006,Comedy|Romance
570,Attraction,1986,Drama|Romance|Thriller
571,"Open Season 3",2002,Animation|Children|Comedy
572,Dracula Untold,2003,Action|Drama|Fantasy
573,"Kein Bund für's Leben",1998,Comedy
574,Zatoichi the Outlaw (Zatôichi rôyaburi) (Zatôichi 16),1999,Action|Drama
575,Elvis and Anabelle,2005,Drama|Romance
576,Mrs. Doubtfire,1997,Comedy|Drama
577,RV,1996,Adventure|Children|Comedy
578,"Jungle Book, The",2012,Animation|Children|Comedy|Musical
579,"Mad Miss Manton, The",2011,Comedy|Crime|Mystery|Romance
580,Lips of Blood (Lèvres de sang),1996,Horror
581,No Nukes,2009,Documentary|Musical
582,Never Again,1996,Comedy|Romance
583,Straight to Hell,1995,Comedy|Crime|Western
584,OKA!,2006,Drama
585,Pride of the Marines,2003,Drama|War
586,The Do-Deca-Pentathlon,2005,Comedy
587,Made,1996,Comedy
588,Lovecraft: Fear of the Unknown,2004,Documentary
589,"Free Soul, A",2000,Drama
590,Hesher,1988,Drama
591,"Devil and Daniel Webster, The (All That Money Can Buy)",2009,Drama|Fantasy
592,House IV,2003,Fantasy|Horror|Thriller
593,Saving Sarah Cain,2002,Drama
594,"5,000 Fingers of Dr. T, The",1992,Children|Fantasy|Musical
595,Full Moon in Blue Water,2009,Drama
596,Be Kind Rewind,1995,Comedy
597,Detention,1994,Comedy|Horror
598,"Man with the Movie Camera, The (Chelovek s kino-apparatom)",1988,Documentary
599,I Want You,1986,Drama|Romance
600,"Hamster Factor and Other Tales of Twelve Monkeys, The",2003,Documentary
601,Out Cold,2007,Comedy
602,Z.P.G.,2000,Sci-Fi|Thriller
603,Redline,2004,Action
604,Good,2010,Drama|War
605,"Trials of Darryl Hunt, The",2007,Crime|Documentary
606,Heli,2007,Crime|Drama
607,Taffin,2007,Action|Thriller
608,Michael,2004,Drama
609,Sabah,2008,Comedy|Drama|Romance
610,Anything for Her (Pour elle),2011,Crime|Drama|Thriller
611,Eye of the Devil,2006,Horror|Mystery
612,Macbeth,2005,Drama
613,Babes in Toyland,2011,Children|Fantasy|Musical
614,"Legacy, The",1986,Horror
615,Greenwich Village: Music That Defined a Generation ,2002,Documentary
616,"Trial of Billy Jack, The",1995,Action|Drama|Musical
617,Promise Her Anything,1992,Comedy|Drama
618,Fahrenheit 9/11,2004,Documentary
619,Viper in the Fist,2005,Drama
620,"Don't Change Your Husband",1992,Comedy
621,Flight of the Conchords: A Texan Odyssey,1988,Comedy
622,Police,1998,Comedy
623,Digging to China,1996,Drama
624,"Satan's School for Girls",2003,Crime|Horror|Mystery
625,Jack Frost,2010,Children|Comedy|Drama
626,This Property is Condemned,2012,Drama|Romance
627,"Children of Glory (Szabadság, szerelem)",1996,Drama|Romance|War
628,Big,1994,Comedy|Drama|Fantasy|Romance
629,Resident Evil: Retribution,2008,Action|Horror|Sci-Fi|IMAX
630,Blacksmith Scene,1994,(no genres listed)
631,Dawn of the Dead,2009,Action|Drama|Horror
632,"We're Not Married!",1994,Comedy|Romance
633,High Crimes,2010,Thriller
634,Septien,1995,Comedy|Drama|Mystery
635,Firelight,2009,Drama
636,Boy Eats Girl,2006,Comedy|Horror
637,"No Retreat, No Surrender",2003,Action|Drama
638,Mr. Jones,2012,Drama|Horror|Thriller
639,"Soldier's Sweetheart, A",1992,Drama|War
640,Fade to Black,2005,Documentary
641,Spud,2006,Comedy
642,Dr. Strangelove or: How I Learned to Stop Worrying and Love the Bomb,2004,Comedy|War
643,"Suburbans, The",2002,Drama
644,"Bustin' Down the Door",1993,Documentary
645,"Vamps",1996,Comedy|Horror|Romance
646,"Saint in London, The",1986,Action|Comedy|Crime|Drama|Mystery
647,"Dragon Ball Z: Cooler's Revenge",2001,Action|Adventure|Animation
648,"Invention of Lying, The",2008,Comedy
649,Wedlock,1996,Action|Crime|Drama|Sci-Fi|Thriller
650,"Die, Mommie, Die",1996,Comedy
651,"Big Bang Love, Juvenile A (46-okunen no koi)",1994,Drama
652,Weight of the Nation,2007,Documentary
653,"Hamburg Syndrome, The (Die Hamburger Krankheit)",2002,Adventure|Sci-Fi
654,To Mars by A-Bomb: The Secret History of Project Orion,2010,Documentary
655,Wetherby,2010,Drama
656,Charlie Chan in Shanghai,2002,Comedy|Crime|Mystery|Thriller
657,Gypsy 83,2008,Drama
658,Keoma,1998,Action|Drama|Western
659,Doomed to Die,2004,Crime|Drama|Mystery|Thriller
660,"Ratko: The Dictator's Son ",2010,Comedy
661,"National Treasure",2013,Action|Adventure|Drama|Mystery|Thriller
662,Cass,2006,Crime|Drama
663,Angel,1992,Action|Crime|Thriller
664,Libre échange,1963,Comedy
665,Detroit,2011,Drama
666,Grand Hotel,1995,Drama|Romance
667,99 francs,2002,Comedy
668,All American Orgy (Cummings Farm),2011,Comedy
669,"Way Ahead, The (a.k.a. The Immortal Battalion)",1998,Drama|War
670,Under African Skies,1996,Documentary
671,Preston Sturges: The Rise and Fall of an American Dreamer,2007,Documentary
672,"Boys of St. Vincent, The",2003,Drama
673,"Cincinnati Kid, The",2012,Drama
674,Pushing Tin,1986,Comedy
675,Eye of the Needle,2004,Thriller
676,That Day (Ce jour-là),1996,Comedy|Crime|Drama|Mystery
677,King of the Ants,1993,Crime|Horror
678,Patti Smith: Dream of Life,2010,Documentary
679,Black Friday,2007,Crime|Drama|Horror|Sci-Fi
680,Regeneration,1993,Drama|War
681,Jim Jefferies: I Swear to God,1987,Comedy
682,"Plumm Summer, A",2001,Adventure
683,Morsian yllättää,2001,Comedy
684,Beyoncé: Life Is But a Dream,2006,Documentary
685,Yrrol: An Enormously Well Thought Out Movie ,2000,Comedy
686,Robin and the 7 Hoods,2004,Comedy|Crime|Musical
687,Winter Soldier,2007,Documentary|War
688,Messages Deleted,1995,Mystery|Thriller
689,Natural Selection,2003,Comedy|Drama
690,"Dr. Seuss' The Lorax",1997,Animation|Fantasy|Musical|IMAX
691,War of the Worlds 2: The Next Wave,2012,Action
692,"Symphonie pastorale, La",2009,Drama
693,"Letter From Death Row, A",1996,Crime|Drama
694,Killers,1994,Action|Crime|Drama|Thriller
695,"Church, The (Chiesa, La)",1993,Drama|Fantasy|Horror
696,"World of Kanako, The (Kawaki.)",2005,Crime|Drama|Mystery
697,The Sweet Ride,2000,Drama
698,Manrape (Män kan inte våldtas) ,1997,Drama
699,Zulu,2011,Crime|Drama|Thriller
700,Transamerica,1985,Adventure|Comedy|Drama
701,Raising Victor Vargas,1985,Comedy|Drama|Romance
702,East Meets West (Dung sing sai tsau 2011),2005,Comedy
703,"Awful Dr. Orlof, The (Gritos en la Noche)",2006,Horror|Thriller
704,The Beautiful Story,2001,Adventure|Drama|Fantasy
705,"Changing Sides",1994,Comedy
706,"Basket Case",2006,Comedy|Horror
707,"Alibi, The (Lies and Alibis)",2006,Comedy|Drama|Romance
708,Hands Over the City (Le mani sulla città),1992,Drama
709,"Cuckoo, The (Kukushka)",2011,Comedy|Drama|War
710,Boyhood,1985,Drama
711,"Sunday Day in Hell, A (En forårsdag i Helvede)",1999,Documentary
712,Theodora Goes Wild,1990,Comedy|Romance
713,Woman on Top,1993,Comedy|Romance
714,Rugrats Go Wild!,2011,Adventure|Animation|Children|Comedy
715,Zerophilia,1993,Comedy|Romance
716,Shark Attack,2009,Action|Horror
717,Red Lights,2008,Drama|Mystery|Thriller
718,Young Frankenstein,1990,Comedy|Fantasy
719,"Paper Chase, The",2005,Drama
720,Vuonna 85,2000,Comedy
721,Krabat,1992,Drama|Fantasy
722,Visitors,2012,Documentary
723,Todos eran culpables,2006,Drama
724,May I Kill U?,1989,Comedy|Horror|Thriller
725,Big River Man,2009,Documentary
726,Crossing Delancey,2009,Comedy|Romance
727,Bloomington,2004,Drama
728,Speedway,1992,Drama|Romance
729,"Funeral, The (Ososhiki)",1983,Comedy
730,SherryBaby,1999,Drama
731,"Man Who Wasn't There, The",2005,Crime|Drama
732,"Craig Ferguson: A Wee Bit o' Revolution",2012,Comedy
733,Treasure Island,2004,Adventure|Children
734,"Bothersome Man, The (Brysomme mannen, Den)",2006,Comedy|Drama|Fantasy|Mystery
735,"Darkest Hour, The",1995,Action|Horror|Sci-Fi|Thriller
736,Little Manhattan,1999,Children|Comedy|Romance
737,Easy Street,2009,Comedy
738,"More the Merrier, The",2011,Comedy|Romance
739,Molière,2008,Comedy|Drama|Romance
740,The Last Gladiators,2004,Documentary
741,City for Conquest,1985,Drama
742,When the Bough Breaks,2012,Drama|Thriller
743,Colonel Redl (Oberst Redl),2012,Drama
744,1971,1985,Documentary
745,Hitch,1989,Comedy|Romance
746,"Yards, The",2006,Crime|Drama
747,Invisible Agent,1998,Adventure|Comedy|Sci-Fi|Thriller|War
748,Dreamworld,2006,Comedy|Drama|Romance
749,Blood Alley,2007,Action|Adventure
750,Meet the Deedles,2011,Children|Comedy
751,Back to School,2000,Comedy
752,Hard to Be a God,1967,Sci-Fi
753,"Mortician, The",1978,Thriller
754,Be Kind Rewind,1985,Comedy
755,It Happened Here,2005,Drama|Fantasy|War
756,Jenny,1986,Drama
757,French Kiss,2012,Action|Comedy|Romance
758,Macbeth,1989,Drama
759,"Way I Spent the End of the World",2012,Drama
760,"With Six You Get Eggroll",2009,Comedy|Romance
761,Thy Womb (Sinapupunan),1992,Drama
762,"Clique, The",2004,Comedy
763,"Trial of Joan of Arc, The (Procès de Jeanne d'Arc)",1979,Drama|War
764,"Wedding Party, The",2002,Comedy
765,"Red Beret, The",2008,Drama|War
766,Street Angel,2003,Drama
767,Eat,2000,Documentary
768,Diamond Girl,2009,Drama|Romance
769,Nowhere in Africa (Nirgendwo in Afrika),2012,Drama
770,Getting Back to Abnormal,1997,Documentary
771,Wild Horses (Caballos salvajes),2012,Drama
772,Isle of the Dead,1970,Horror|Thriller
773,Outlander,2010,Action|Adventure|Sci-Fi
774,"Last of England, The",1990,Drama
775,Heiter bis wolkig,2009,Comedy|Drama|Romance
776,"Back-up Plan, The",2011,Comedy|Romance
777,"Grey Zone, The",1989,Drama
778,Pillow of Death,2012,Mystery|Thriller
779,Valley Uprising,2012,Documentary
780,Two Men Went to War,1993,Comedy|War
781,Everybody Dies But Me,1987,Drama
782,Kikujiro (Kikujirô no natsu),1989,Comedy|Drama
783,"Game Plan, The",1991,Comedy
784,Cinematographer Style,2009,Documentary
785,Avalanche,2012,Action
786,Variety Lights,2008,Drama
787,"Whole Town's Talking, The (Passport to Fame)",2008,Comedy|Crime
788,Race with the Devil,2007,Action|Horror|Mystery
789,Bunny and the Bull,1993,Adventure|Comedy|Drama
790,Trust,2008,Comedy|Drama|Romance
791,"Emergency Escape, The (Wyjscie awaryjne)",2006,Comedy
792,"Very Brady Sequel, A",1998,Comedy
793,"Pluto's Christmas Tree",2006,Animation|Comedy
794,Dog Pound,2000,Drama
795,Seven Billiard Tables (Siete mesas de billar francés),2001,Drama
796,French Film,2011,Comedy|Romance
797,Offender,1989,Crime|Thriller
798,Extraterrestrial (Extraterrestre),1998,Comedy|Drama|Sci-Fi
799,Almighty Thor,2011,Adventure|Fantasy
800,Maniac Cop 2,2009,Action|Horror|Thriller
801,Different from the Others (Anders als die Andern),2011,Drama
802,Colossus: The Forbin Project,1987,Sci-Fi|Thriller
803,"Murphy's War",1993,War
804,"Infinity",2002,Drama
805,Killers from Space,1995,Sci-Fi
806,Mon Paradis - Der Winterpalast,2003,Documentary
807,"Gladiators, The (Gladiatorerna)",2005,Drama|Sci-Fi
808,Switching Channels,1990,Comedy
809,"House on Telegraph Hill, The",2004,Drama|Film-Noir|Mystery|Thriller
810,Ouija,2008,Horror
811,Chesty: A Tribute to a Legend,2007,Documentary
812,"Man Who Captured Eichmann, The",2003,Drama|War
813,Voyage to Cythera (Taxidi sta Kythira),2009,Drama
814,No Distance Left to Run,1989,Documentary
815,2 Days in Paris,1999,Comedy|Drama|Romance
816,Blood Ties,1993,Crime|Drama|Thriller
817,"Uninvited, The",1992,Drama|Horror|Mystery|Thriller
818,LEGO Batman: The Movie - DC Heroes Unite,2012,Action|Adventure|Animation
819,"In Vanda's Room ",2001,Drama
820,Surfwise,2001,Documentary
821,Thirteen,2009,Drama
822,Mindhunters,1996,Action|Crime|Horror|Mystery|Thriller
823,Black Moon Rising,1992,Action|Crime|Sci-Fi|Thriller
824,Fallen Angels (Duo luo tian shi),1986,Drama|Romance
825,"Story of Marie and Julien, The (Histoire de Marie et Julien)",2006,Drama|Mystery|Romance
826,"Color Wheel, The",2002,Comedy|Romance
827,Day of the Falcon,2011,Adventure|Drama
828,Always Outnumbered,2007,Drama
829,Mall,2003,Drama
830,Fear Me Not (Den du frygter),1992,Drama|Thriller
831,Atomic Twister,2010,Action|Drama|Sci-Fi
832,Off the Menu: The Last Days of Chasen's,2008,Documentary
833,Merrill's Marauders,1990,Adventure|Drama|War
834,"Mangler, The",2004,Horror
835,"Legend of the Guardians: The Owls of Ga'Hoole",1999,Adventure|Animation|Fantasy|IMAX
836,Billy Budd,2011,Adventure
837,"War You Don't See, The",2012,Documentary
838,Overboard,1986,Comedy|Romance
839,"Company, The",2000,Drama|Musical
840,Journey to the Far Side of the Sun (a.k.a. Doppelgänger),1985,Fantasy|Mystery|Sci-Fi|Thriller
841,Ishaqzaade,2011,Action|Drama|Romance
842,North Star (a.k.a. Tashunga),2003,Action|Adventure|Crime|Drama|Western
843,West of Memphis,1967,Documentary
844,"Triumph of Love, The",2004,Comedy
845,Dead Man on Campus,2005,Comedy
846,Yentl,2009,Drama|Musical|Romance
847,Space,1990,Drama
848,"It's a Small World",1994,Comedy
849,"Suitor, The (Soupirant, Le)",2010,Comedy
850,From the Earth to the Moon,2012,Action|Documentary|Drama|Thriller
851,23 (23 - Nichts ist so wie es scheint),2006,Drama|Thriller
852,Red Chapel (Røde kapel),2010,Comedy|Documentary
853,Club Sandwich,2011,Comedy
854,"Yesterday's Enemy",2008,Drama|War
855,Hot Saturday,2011,Drama
856,Hello Down There,2001,Comedy|Sci-Fi
857,Modigliani,2008,Drama
858,"Red and the White, The (Csillagosok, katonák)",2008,Drama|War
859,Fat Man and Little Boy,2000,Drama
860,Tex,1994,Drama
861,"Englishman Who Went Up a Hill But Came Down a Mountain, The",1992,Comedy|Romance
862,Black Dynamite,2011,Action|Comedy
863,Real Life,1996,Comedy
864,Out for a Kill,2009,Action|Crime|Thriller
865,"Craig's Wife",2011,Drama
866,"Land of the Dead",2005,Action|Horror|Thriller
867,"Horse Rebellion, The (Pulakapina)",1990,Drama
868,"Young Black Stallion, The",2012,Adventure|Children|Drama
869,Foxy Brown,2012,Action|Crime|Drama
870,Pure One (Pakeezah),2008,Drama|Musical|Romance
871,"Besieged (a.k.a. L' Assedio)",1995,Drama
872,Planes,2011,Adventure|Animation|Comedy
873,Kabluey,2012,Comedy|Drama
874,Black Tar Heroin: The Dark End of the Street,2004,Documentary
875,None But the Brave,2008,Drama|War
876,Cyrus,2000,Comedy|Drama|Romance
877,Zero Day,1999,Drama
878,Fateless (Sorstalanság),1990,Drama|War
879,What Ever Happened to Baby Jane?,2012,Drama|Horror|Thriller
880,Ethel,2012,Documentary
881,Urban Legends: Final Cut,1994,Horror
882,"Bullet for Joey, A",2010,Crime|Drama|Film-Noir|Thriller
883,"Happiness Is in the Field (Bonheur est dans le pré, Le)",2006,Comedy
884,Wild Target,2006,Comedy|Drama|Romance|Thriller
885,Junebug,2000,Comedy|Drama
886,Inside Moves,2009,Drama
887,Thor,2004,Action|Adventure|Drama|Fantasy|IMAX
888,Jay and Silent Bob Go Down Under,1997,Comedy
889,Escape (Flukt),1985,Action|Drama
890,Ed Hardy: Tattoo the World ,1996,Documentary
891,"Woman Under the Influence, A",2000,Drama
892,Werner Herzog Eats His Shoe,2001,Documentary
893,"Other, The",2005,Drama|Horror|Mystery
894,Cold Fever (Á köldum klaka),1985,Comedy|Drama
895,Catlow,2003,Comedy|Western
896,Ladybugs,1997,Comedy
897,Love and Bullets,2000,Crime|Drama
898,Melody,2009,Drama|Romance
899,Windy Day (Tuulinen päivä),1993,Drama
900,Elvis and Anabelle,1998,Drama|Romance
901,Canvas,1997,Drama
902,Deranged,2009,Horror|Thriller
903,"Pascali's Island",2004,Drama
904,The Trial of Lee Harvey Oswald,1991,Drama
905,In the Line of Fire,2013,Action|Thriller
906,Balls of Fury,1993,Comedy
907,Stardom,2005,Comedy|Drama
908,Angel,1997,Action|Crime|Thriller
909,Father of the Bride,2002,Comedy
910,Shinjuku Incident (San suk si gin),2011,Crime|Drama|Thriller
911,Grand Illusion (La grande illusion),2006,Drama|War
912,Pearl Harbor,1998,Action|Drama|Romance|War
913,A Chinese in a Coma,2003,Comedy
914,Wild Bill,2008,Crime|Drama
915,"It's Always Fair Weather",2005,Comedy|Drama|Musical
916,"You've Got Mail",2003,Comedy|Romance
917,"Jonathan Rosenbaum, Present",1992,Documentary
918,After the Wedding (Efter brylluppet),2008,Drama
919,Andre,1993,Adventure|Children|Drama
920,"Perfect Murder, The",1998,Action|Comedy|Crime|Thriller
921,"Last Seven, The",2012,Horror|Mystery|Thriller
922,Among Us (Onder Ons),2004,Drama
923,The Diary of a Teenage Girl,2008,Drama
924,"Matthew's Days",1996,Drama
925,"Kid Stays in the Picture, The",2009,Documentary
926,Beloved/Friend (a.k.a. Amigo/Amado) (Amic/Amat),1995,Drama
927,"Dragonphoenix Chronicles: Indomitable, The",1994,Action|Adventure|Fantasy
928,Secondhand Lions,2006,Children|Comedy|Drama
929,Who Do I Gotta Kill?,2000,Comedy
930,Pendulum,1998,Drama
931,And While We Were Here,2008,Drama
932,Dolphin Tale,2009,Children|Drama
933,Species II,2010,Horror|Sci-Fi
934,12 Angry Men,1999,Drama
935,Mr. Wu,2012,Drama
936,Little Witches,1992,Horror|Thriller
937,"Rink, The",1986,Comedy
938,Tremors II: Aftershocks,2009,Comedy|Horror|Sci-Fi
939,Body of Evidence,2000,Drama|Thriller
940,Savannah Smiles,1995,Comedy
941,"Red's Dream",1997,Animation|Children
942,Czech Dream (Ceský sen),2002,Documentary
943,Arthur and the Revenge of Maltazard,1994,Animation|Children|Fantasy
944,Journey 2: The Mysterious Island,2009,Action|Adventure|Comedy|Sci-Fi|IMAX
945,"Fish Called Wanda, A",1983,Comedy|Crime
946,"Movie, A",2007,Documentary
947,Weekender,2011,Drama
948,"Boston Strangler, The",2006,Crime|Drama|Mystery|Thriller
949,Runaway,2000,Sci-Fi|Thriller
950,After Earth,1999,Action|Adventure|Sci-Fi|IMAX
951,Silent Wedding (Nunta Muta),1996,Comedy|Drama
952,All the Way Home,2000,Drama
953,Penitentiary II,2009,Drama
954,Bad Fucking,1992,Comedy
955,"Adventures of Food Boy, The (aka High School Superhero)",2005,Comedy
956,Always for Pleasure,1990,(no genres listed)
957,Sheena,1998,Action|Adventure|Fantasy
958,Charlie Chan on Broadway,2002,Comedy|Crime|Mystery|Thriller
959,Caught Inside,2003,Action|Adventure|Horror|Thriller
960,"Scout, The",1997,Comedy|Drama
961,Rembrandt's J'accuse,2004,Documentary|Mystery
962,On Borrowed Time,2009,Comedy|Drama|Fantasy
963,Hi-Yo Silver,1993,Western
964,Miss Météo,1998,Comedy|Drama
965,Lockout,1979,Action|Sci-Fi|Thriller
966,Edward Scissorhands,2002,Drama|Fantasy|Romance
967,West of Memphis,1965,Documentary
968,"Ronde, La",1992,Drama
969,"Third Miracle, The",1964,Drama
970,Arizona,2007,Western
971,Secret Ceremony,2002,Drama|Thriller
972,Everything Is Illuminated,1992,Comedy|Drama
973,Private Confessions,2009,Drama
974,"Turkish Dance, Ella Lola",2000,(no genres listed)
975,"Breaking Point, The",1996,Crime|Drama|Film-Noir
976,Casanova Brown,2008,Comedy
977,Volver,2008,Comedy|Drama
978,Twelve Angry Men,2011,Drama
979,Cyberbully,2005,Drama
980,Happy Weekend,2007,Comedy
981,"'burbs, The",2006,Comedy
982,New York Doll,2009,Documentary
983,Summer Palace (Yihe yuan),2009,Drama|Romance
984,"Last Wedding, The (Kivenpyörittäjän kylä)",1992,Comedy|Drama
985,Brother Bear 2,2006,Adventure|Animation|Children|Comedy|Fantasy
986,911 in Plane Site,1996,Documentary
987,Emma,1994,Comedy|Drama|Romance
988,"Best Exotic Marigold Hotel, The",1990,Comedy|Drama
989,Jackass 3D,1992,Action|Comedy|Documentary
990,Autumn Spring (Babí léto),1993,Comedy|Drama
991,Beware the Moon: Remembering 'An American Werewolf in London',1987,Documentary
992,"Stone Left Unturned, A (Kovat miehet)",2003,Comedy|Drama
993,Cosmopolis,1985,Drama
994,Skeletons,2003,Comedy|Fantasy
995,Looking Forward,2000,Drama
996,Escape from L.A.,2008,Action|Adventure|Sci-Fi|Thriller
997,Hide Your Smiling Faces,2005,Drama
998,"Teacher, A",1994,Drama
999,Priceless (Hors de prix),1991,Comedy|Romance
1000,Idle Hands,1996,Comedy|Horror
